bookKey;bookTitle;year;annoKey;pageLabel;path;position;Column8;pageIndex;Rect;r0;r1;r2;r3
Z7RUGN57;Kurzwellentherapie;1945;MQ4ZQD4V;116;C:\Users\annik\Zotero\storage\TELYJBT2\Buchscan_Z7RUGN57.pdf;"{""pageIndex"":3,""rects"":[[90.711,546.65,307.779,712.009]]}";Buchscan_Z7RUGN57.pdf;3;90.711,546.65,307.779,712.009;90.711;546.65;307.779;712.009
Z7RUGN57;Kurzwellentherapie;1945;S2GTLZRC;116;C:\Users\annik\Zotero\storage\TELYJBT2\Buchscan_Z7RUGN57.pdf;"{""pageIndex"":3,""rects"":[[312.325,546.65,537.35,711.441]]}";Buchscan_Z7RUGN57.pdf;3;312.325,546.65,537.35,711.441;312.325;546.65;537.35;711.441
XGDPIHSB;Topographische Dermatologie: Diagnostik d. Hautkrankheiten verschiedener Körpergegenden;1947;YSRMQCDX;92;C:\Users\annik\Zotero\storage\RNQH9M8M\Buchscan_XGDPIHSB.pdf;"{""pageIndex"":19,""rects"":[[94.313,377.625,297.563,614.625]]}";Buchscan_XGDPIHSB.pdf;19;94.313,377.625,297.563,614.625;94.313;377.625;297.563;614.625
XGDPIHSB;Topographische Dermatologie: Diagnostik d. Hautkrankheiten verschiedener Körpergegenden;1947;ZYZG76PK;92;C:\Users\annik\Zotero\storage\RNQH9M8M\Buchscan_XGDPIHSB.pdf;"{""pageIndex"":19,""rects"":[[313.313,382.125,524.813,611.625]]}";Buchscan_XGDPIHSB.pdf;19;313.313,382.125,524.813,611.625;313.313;382.125;524.813;611.625
XGDPIHSB;Topographische Dermatologie: Diagnostik d. Hautkrankheiten verschiedener Körpergegenden;1947;NDQN23M2;95;C:\Users\annik\Zotero\storage\RNQH9M8M\Buchscan_XGDPIHSB.pdf;"{""pageIndex"":22,""rects"":[[52.313,361.625,262.313,613.625]]}";Buchscan_XGDPIHSB.pdf;22;52.313,361.625,262.313,613.625;52.313;361.625;262.313;613.625
XGDPIHSB;Topographische Dermatologie: Diagnostik d. Hautkrankheiten verschiedener Körpergegenden;1947;JLSQS72J;95;C:\Users\annik\Zotero\storage\RNQH9M8M\Buchscan_XGDPIHSB.pdf;"{""pageIndex"":22,""rects"":[[269.813,362.375,486.563,617.375]]}";Buchscan_XGDPIHSB.pdf;22;269.813,362.375,486.563,617.375;269.813;362.375;486.563;617.375
XGDPIHSB;Topographische Dermatologie: Diagnostik d. Hautkrankheiten verschiedener Körpergegenden;1947;2975ZADR;96;C:\Users\annik\Zotero\storage\RNQH9M8M\Buchscan_XGDPIHSB.pdf;"{""pageIndex"":23,""rects"":[[90.563,348.625,366.563,631.375]]}";Buchscan_XGDPIHSB.pdf;23;90.563,348.625,366.563,631.375;90.563;348.625;366.563;631.375
XGDPIHSB;Topographische Dermatologie: Diagnostik d. Hautkrankheiten verschiedener Körpergegenden;1947;BBNRC4EC;97;C:\Users\annik\Zotero\storage\RNQH9M8M\Buchscan_XGDPIHSB.pdf;"{""pageIndex"":24,""rects"":[[56.813,321.875,485.813,655.625]]}";Buchscan_XGDPIHSB.pdf;24;56.813,321.875,485.813,655.625;56.813;321.875;485.813;655.625
KZ6V77UE;Gesundheit ist dein höchstes Gut: Das Wichtigste aus d. Gesundheitslehre u. Gesundheitspflege f. unsere Mädchen;1949;VUNF6SPZ;47;C:\Users\annik\Zotero\storage\GSC2IC8X\Buchscan_KZ6V77UE.pdf;"{""pageIndex"":1,""rects"":[[21.953,444.366,296.415,677.914]]}";Buchscan_KZ6V77UE.pdf;1;21.953,444.366,296.415,677.914;21.953;444.366;296.415;677.914
9DT96CCM;Die Frau: Ein Gesundheitsbuch;1950;7B6VGP9N;iv;C:\Users\annik\Zotero\storage\SCUGQMW3\Buchscan_9DT96CCM.pdf;"{""pageIndex"":3,""rects"":[[39,445.692,537.35,798.003]]}";Buchscan_9DT96CCM.pdf;3;39,445.692,537.35,798.003;39;445.692;537.35;798.003
9DT96CCM;Die Frau: Ein Gesundheitsbuch;1950;DTUKVADF;80;C:\Users\annik\Zotero\storage\SCUGQMW3\Buchscan_9DT96CCM.pdf;"{""pageIndex"":42,""rects"":[[66.276,513.881,508.938,801.412]]}";Buchscan_9DT96CCM.pdf;42;66.276,513.881,508.938,801.412;66.276;513.881;508.938;801.412
9DT96CCM;Die Frau: Ein Gesundheitsbuch;1950;MEJXWNUY;81;C:\Users\annik\Zotero\storage\SCUGQMW3\Buchscan_9DT96CCM.pdf;"{""pageIndex"":43,""rects"":[[93.317,534.394,542.163,813.048]]}";Buchscan_9DT96CCM.pdf;43;93.317,534.394,542.163,813.048;93.317;534.394;542.163;813.048
9DT96CCM;Die Frau: Ein Gesundheitsbuch;1950;JWQHSG9P;82;C:\Users\annik\Zotero\storage\SCUGQMW3\Buchscan_9DT96CCM.pdf;"{""pageIndex"":44,""rects"":[[59.279,525.202,502.356,809.625]]}";Buchscan_9DT96CCM.pdf;44;59.279,525.202,502.356,809.625;59.279;525.202;502.356;809.625
9DT96CCM;Die Frau: Ein Gesundheitsbuch;1950;VUF8IG44;83;C:\Users\annik\Zotero\storage\SCUGQMW3\Buchscan_9DT96CCM.pdf;"{""pageIndex"":45,""rects"":[[89.279,565.144,537.548,815.817]]}";Buchscan_9DT96CCM.pdf;45;89.279,565.144,537.548,815.817;89.279;565.144;537.548;815.817
9DT96CCM;Die Frau: Ein Gesundheitsbuch;1950;SKFHSD8T;84;C:\Users\annik\Zotero\storage\SCUGQMW3\Buchscan_9DT96CCM.pdf;"{""pageIndex"":46,""rects"":[[60.433,529.606,511.587,796.721]]}";Buchscan_9DT96CCM.pdf;46;60.433,529.606,511.587,796.721;60.433;529.606;511.587;796.721
BUWRS4EI;Operative Gynäkologie;1952;SA63EIRN;60;C:\Users\annik\Zotero\storage\45ZUWAMX\Buchscan_BUWRS4EI.pdf;"{""pageIndex"":4,""rects"":[[103.78,250.264,547.01,619.054]]}";Buchscan_BUWRS4EI.pdf;4;103.78,250.264,547.01,619.054;103.78;250.264;547.01;619.054
BUWRS4EI;Operative Gynäkologie;1952;GU87HBJ5;62;C:\Users\annik\Zotero\storage\45ZUWAMX\Buchscan_BUWRS4EI.pdf;"{""pageIndex"":6,""rects"":[[139.011,299.369,523.712,651.6802899025581]]}";Buchscan_BUWRS4EI.pdf;6;139.011,299.369,523.712,651.6802899025581;139.011;299.369;523.712;651.6802899
BUWRS4EI;Operative Gynäkologie;1952;YDXAMFQP;63;C:\Users\annik\Zotero\storage\45ZUWAMX\Buchscan_BUWRS4EI.pdf;"{""pageIndex"":7,""rects"":[[61.162,293.876,483.935,617.775]]}";Buchscan_BUWRS4EI.pdf;7;61.162,293.876,483.935,617.775;61.162;293.876;483.935;617.775
BUWRS4EI;Operative Gynäkologie;1952;ZFQZ7DZN;66;C:\Users\annik\Zotero\storage\45ZUWAMX\Buchscan_BUWRS4EI.pdf;"{""pageIndex"":10,""rects"":[[86.641,45,582.578,778.281]]}";Buchscan_BUWRS4EI.pdf;10;86.641,45,582.578,778.281;86.641;45;582.578;778.281
BUWRS4EI;Operative Gynäkologie;1952;SHEA99GP;68;C:\Users\annik\Zotero\storage\45ZUWAMX\Buchscan_BUWRS4EI.pdf;"{""pageIndex"":12,""rects"":[[97.102,233.08,544.375,651.034]]}";Buchscan_BUWRS4EI.pdf;12;97.102,233.08,544.375,651.034;97.102;233.08;544.375;651.034
BUWRS4EI;Operative Gynäkologie;1952;ZRHZKGGZ;71;C:\Users\annik\Zotero\storage\45ZUWAMX\Buchscan_BUWRS4EI.pdf;"{""pageIndex"":15,""rects"":[[24.83,61.989,538.239,505.852]]}";Buchscan_BUWRS4EI.pdf;15;24.83,61.989,538.239,505.852;24.83;61.989;538.239;505.852
BUWRS4EI;Operative Gynäkologie;1952;26NGUFA5;72;C:\Users\annik\Zotero\storage\45ZUWAMX\Buchscan_BUWRS4EI.pdf;"{""pageIndex"":16,""rects"":[[103.239,281.852,384.83,676.625]]}";Buchscan_BUWRS4EI.pdf;16;103.239,281.852,384.83,676.625;103.239;281.852;384.83;676.625
BUWRS4EI;Operative Gynäkologie;1952;339TXCI2;73;C:\Users\annik\Zotero\storage\45ZUWAMX\Buchscan_BUWRS4EI.pdf;"{""pageIndex"":17,""rects"":[[294.83,455.807,517.102,718.989]]}";Buchscan_BUWRS4EI.pdf;17;294.83,455.807,517.102,718.989;294.83;455.807;517.102;718.989
BUWRS4EI;Operative Gynäkologie;1952;JH8D3RA8;74;C:\Users\annik\Zotero\storage\45ZUWAMX\Buchscan_BUWRS4EI.pdf;"{""pageIndex"":18,""rects"":[[112.102,235.102,371.875,649.08]]}";Buchscan_BUWRS4EI.pdf;18;112.102,235.102,371.875,649.08;112.102;235.102;371.875;649.08
BUWRS4EI;Operative Gynäkologie;1952;7LMSRPX9;74;C:\Users\annik\Zotero\storage\45ZUWAMX\Buchscan_BUWRS4EI.pdf;"{""pageIndex"":18,""rects"":[[378.011,244.648,548.466,500.33]]}";Buchscan_BUWRS4EI.pdf;18;378.011,244.648,548.466,500.33;378.011;244.648;548.466;500.33
4XIVZXJI;Vom Knaben zum Mann: Ein Arzt berät die männliche Jugend;1953;2Q4P9KNJ;19;C:\Users\annik\Zotero\storage\ST6WYHIW\Buchscan_4XIVZXJI.pdf;"{""pageIndex"":7,""rects"":[[82.755,90.114,452.682,400.375]]}";Buchscan_4XIVZXJI.pdf;7;82.755,90.114,452.682,400.375;82.755;90.114;452.682;400.375
UMTFJ8TG;Wie soll ich mein Kind aufklären?;1956;9NTTS289;47;C:\Users\annik\Zotero\storage\3CPKFMMF\Buchscan_UMTFJ8TG.pdf;"{""pageIndex"":6,""rects"":[[99.234,291.509,487.344,609.157]]}";Buchscan_UMTFJ8TG.pdf;6;99.234,291.509,487.344,609.157;99.234;291.509;487.344;609.157
UMTFJ8TG;Wie soll ich mein Kind aufklären?;1956;6AMZDHMH;55;C:\Users\annik\Zotero\storage\3CPKFMMF\Buchscan_UMTFJ8TG.pdf;"{""pageIndex"":14,""rects"":[[88.438,486.984,514.052,804.632]]}";Buchscan_UMTFJ8TG.pdf;14;88.438,486.984,514.052,804.632;88.438;486.984;514.052;804.632
UMTFJ8TG;Wie soll ich mein Kind aufklären?;1956;2YYI7HQG;56;C:\Users\annik\Zotero\storage\3CPKFMMF\Buchscan_UMTFJ8TG.pdf;"{""pageIndex"":15,""rects"":[[95.257,484.711,487.913,801.791]]}";Buchscan_UMTFJ8TG.pdf;15;95.257,484.711,487.913,801.791;95.257;484.711;487.913;801.791
TX48IRE9;Das Hausbuch der Gesundheit;1957;MGE9FTKJ;68;C:\Users\annik\Zotero\storage\WLGUDYW6\Buchscan_TX48IRE9.pdf;"{""pageIndex"":38,""rects"":[[158.8997510961584,216.406,495.3,444.84]]}";Buchscan_TX48IRE9.pdf;38;158.8997510961584,216.406,495.3,444.84;158.8997511;216.406;495.3;444.84
ZU2U7857;Grundriss der Biologie der Körperübungen;1959;3RJR67IW;248;C:\Users\annik\Zotero\storage\L7MGDDWZ\Buchscan_ZU2U7857.pdf;"{""pageIndex"":3,""rects"":[[141.691,349.176,476.544,583]]}";Buchscan_ZU2U7857.pdf;3;141.691,349.176,476.544,583;141.691;349.176;476.544;583
55E5ABJV;Lehrbuch der Anatomie des Menschen;1960;L2XG529Y;291;C:\Users\annik\Zotero\storage\W7JTIHQM\Buchscan_55E5ABJV.pdf;"{""pageIndex"":6,""rects"":[[45.069,92.111,486.736,761.903]]}";Buchscan_55E5ABJV.pdf;6;45.069,92.111,486.736,761.903;45.069;92.111;486.736;761.903
55E5ABJV;Lehrbuch der Anatomie des Menschen;1960;7ZK5AFWR;336;C:\Users\annik\Zotero\storage\W7JTIHQM\Buchscan_55E5ABJV.pdf;"{""pageIndex"":9,""rects"":[[69.83,315.42,573.693,754.284]]}";Buchscan_55E5ABJV.pdf;9;69.83,315.42,573.693,754.284;69.83;315.42;573.693;754.284
55E5ABJV;Lehrbuch der Anatomie des Menschen;1960;KHAFG7HQ;338;C:\Users\annik\Zotero\storage\W7JTIHQM\Buchscan_55E5ABJV.pdf;"{""pageIndex"":11,""rects"":[[101.875,87.705,499.375,322.25]]}";Buchscan_55E5ABJV.pdf;11;101.875,87.705,499.375,322.25;101.875;87.705;499.375;322.25
55E5ABJV;Lehrbuch der Anatomie des Menschen;1960;GFZUF3ML;341;C:\Users\annik\Zotero\storage\W7JTIHQM\Buchscan_55E5ABJV.pdf;"{""pageIndex"":14,""rects"":[[15.966,88.432,542.33,514.568]]}";Buchscan_55E5ABJV.pdf;14;15.966,88.432,542.33,514.568;15.966;88.432;542.33;514.568
B383AQBM;Handbuch der Haut- und Geschlechtskrankheiten;1961;R88XSHUR;301;C:\Users\annik\Zotero\storage\WUMNB8F8\Buchscan_B383AQBM.pdf;"{""pageIndex"":4,""rects"":[[230.498,489.257,486.776,676.209]]}";Buchscan_B383AQBM.pdf;4;230.498,489.257,486.776,676.209;230.498;489.257;486.776;676.209
GQX8X7A4;Beschreibende und funktionelle Anatomie des Menschen;1962;JIE3DW8H;7;C:\Users\annik\Zotero\storage\EGJMEFQ4\Buchscan_GQX8X7A4.pdf;"{""pageIndex"":6,""rects"":[[50.365,105.646,514.052,385.222]]}";Buchscan_GQX8X7A4.pdf;6;50.365,105.646,514.052,385.222;50.365;105.646;514.052;385.222
W6K22MEC;Die vier Schlüssel zum beglückenden Liebesleben;1965;JUJ7V5BL;?;C:\Users\annik\Zotero\storage\E5QYEW39\Buchscan_W6K22MEC.pdf;"{""pageIndex"":55,""rects"":[[80.903,378.542,510.069,806.042]]}";Buchscan_W6K22MEC.pdf;55;80.903,378.542,510.069,806.042;80.903;378.542;510.069;806.042
W6K22MEC;Die vier Schlüssel zum beglückenden Liebesleben;1965;2HAYC7QJ;?;C:\Users\annik\Zotero\storage\E5QYEW39\Buchscan_W6K22MEC.pdf;"{""pageIndex"":56,""rects"":[[71.736,433.153,526.736,789.819]]}";Buchscan_W6K22MEC.pdf;56;71.736,433.153,526.736,789.819;71.736;433.153;526.736;789.819
W6K22MEC;Die vier Schlüssel zum beglückenden Liebesleben;1965;LFXYW2ER;?;C:\Users\annik\Zotero\storage\E5QYEW39\Buchscan_W6K22MEC.pdf;"{""pageIndex"":56,""rects"":[[90.903,33.153,478.403,412.3194274902344]]}";Buchscan_W6K22MEC.pdf;56;90.903,33.153,478.403,412.3194274902344;90.903;33.153;478.403;412.3194275
4BZQSBPT;Bau und Funktionen des menschlichen Körpers: Einführung in d. Anatomie u. Physiologie d. Menschen f. Hörer aller Fakultäten u.f. ärztl. Hilfskräfte;1966;H2EAJIG2;108;C:\Users\annik\Zotero\storage\EUQ7IC8L\Buchscan_4BZQSBPT.pdf;"{""pageIndex"":4,""rects"":[[97.784,278.261,399.148,778.091]]}";Buchscan_4BZQSBPT.pdf;4;97.784,278.261,399.148,778.091;97.784;278.261;399.148;778.091
4BZQSBPT;Bau und Funktionen des menschlichen Körpers: Einführung in d. Anatomie u. Physiologie d. Menschen f. Hörer aller Fakultäten u.f. ärztl. Hilfskräfte;1966;7E9FSA9W;113;C:\Users\annik\Zotero\storage\EUQ7IC8L\Buchscan_4BZQSBPT.pdf;"{""pageIndex"":9,""rects"":[[39.148,328.034,513.693,775.307]]}";Buchscan_4BZQSBPT.pdf;9;39.148,328.034,513.693,775.307;39.148;328.034;513.693;775.307
FRAK6SZ4;Liebe und Hunger: Die Urtriebe im Licht d. Zukunft;1967;56WD8RGN;7;C:\Users\annik\Zotero\storage\H2HCYXDS\Buchscan_FRAK6SZ4.pdf;"{""pageIndex"":6,""rects"":[[110.903,534.542,444.236,760.375]]}";Buchscan_FRAK6SZ4.pdf;6;110.903,534.542,444.236,760.375;110.903;534.542;444.236;760.375
K9PE7T2R;Das grosse Reader's Digest Gesundheitsbuch: Ein umfassendes Nachschlagewerk f. gesunde u. kranke Tage;1968;U555ZYDB;713;C:\Users\annik\Zotero\storage\9MI8MLEI\Buchscan_K9PE7T2R.pdf;"{""pageIndex"":17,""rects"":[[29.063,46.187,586.313,444.437]]}";Buchscan_K9PE7T2R.pdf;17;29.063,46.187,586.313,444.437;29.063;46.187;586.313;444.437
K9PE7T2R;Das grosse Reader's Digest Gesundheitsbuch: Ein umfassendes Nachschlagewerk f. gesunde u. kranke Tage;1968;HTFUE87W;792;C:\Users\annik\Zotero\storage\9MI8MLEI\Buchscan_K9PE7T2R.pdf;"{""pageIndex"":35,""rects"":[[104.813,644.687,571.313,805.187]]}";Buchscan_K9PE7T2R.pdf;35;104.813,644.687,571.313,805.187;104.813;644.687;571.313;805.187
ARTXH4WJ;Erkunden und erkennen;1968;26976VXX;153;C:\Users\annik\Zotero\storage\KKU77Y4A\Buchscan_ARTXH4WJ.pdf;"{""pageIndex"":4,""rects"":[[43.92,84.682,281.875,401.727]]}";Buchscan_ARTXH4WJ.pdf;4;43.92,84.682,281.875,401.727;43.92;84.682;281.875;401.727
ARTXH4WJ;Erkunden und erkennen;1968;I78KDZXU;155;C:\Users\annik\Zotero\storage\KKU77Y4A\Buchscan_ARTXH4WJ.pdf;"{""pageIndex"":6,""rects"":[[333.875,85.958,512.875,381.9583435058594]]}";Buchscan_ARTXH4WJ.pdf;6;333.875,85.958,512.875,381.9583435058594;333.875;85.958;512.875;381.9583435
HWG42M5E;Unser Körper: von d. Zelle bis zum Menschen;1972;D42PSTCP;46;C:\Users\annik\Zotero\storage\YGBJX97T\Buchscan_HWG42M5E.pdf;"{""pageIndex"":4,""rects"":[[46.956,460.656,303.802,783.986]]}";Buchscan_HWG42M5E.pdf;4;46.956,460.656,303.802,783.986;46.956;460.656;303.802;783.986
3A58FNHM;Lehrbuch der Naturgeschichte;1973;EUXTQXI5;70;C:\Users\annik\Zotero\storage\BY58XF8I\Höbenreich - 1997 - Annona juristische Aspekte der Stadtrömischen Lebensmittelversorgung im Prinzipat.pdf;"{""pageIndex"":4,""rects"":[[112.933,55.962,387.548,409.038]]}";Höbenreich - 1997 - Annona juristische Aspekte der Stadtrömischen Lebensmittelversorgung im Prinzipat.pdf;4;112.933,55.962,387.548,409.038;112.933;55.962;387.548;409.038
6KUT8NA5;Der menschliche Körper: photograph. Atlas d. Anatomie;1975;KN5J94XB;62;C:\Users\annik\Zotero\storage\W437ACSS\Yokochi und Rohen - 1971 - Der menschliche Körper photograph. Atlas d. Anatomie.pdf;"{""pageIndex"":3,""rects"":[[0,487.979,569.74,837.875]]}";Yokochi und Rohen - 1971 - Der menschliche Körper photograph. Atlas d. Anatomie.pdf;3;0,487.979,569.74,837.875;0;487.979;569.74;837.875
6KUT8NA5;Der menschliche Körper: photograph. Atlas d. Anatomie;1975;K24YEFI4;62;C:\Users\annik\Zotero\storage\W437ACSS\Yokochi und Rohen - 1971 - Der menschliche Körper photograph. Atlas d. Anatomie.pdf;"{""pageIndex"":3,""rects"":[[73.125,4.058,586.587,350.212]]}";Yokochi und Rohen - 1971 - Der menschliche Körper photograph. Atlas d. Anatomie.pdf;3;73.125,4.058,586.587,350.212;73.125;4.058;586.587;350.212
6KUT8NA5;Der menschliche Körper: photograph. Atlas d. Anatomie;1975;BGZTXMFB;63;C:\Users\annik\Zotero\storage\W437ACSS\Yokochi und Rohen - 1971 - Der menschliche Körper photograph. Atlas d. Anatomie.pdf;"{""pageIndex"":4,""rects"":[[408.3173076923077,374.673,555.433,782.9423088660607]]}";Yokochi und Rohen - 1971 - Der menschliche Körper photograph. Atlas d. Anatomie.pdf;4;408.3173076923077,374.673,555.433,782.9423088660607;408.3173077;374.673;555.433;782.9423089
6KUT8NA5;Der menschliche Körper: photograph. Atlas d. Anatomie;1975;W7SD28B6;63;C:\Users\annik\Zotero\storage\W437ACSS\Yokochi und Rohen - 1971 - Der menschliche Körper photograph. Atlas d. Anatomie.pdf;"{""pageIndex"":4,""rects"":[[26.971,291.01922900860126,173.51,657.942]]}";Yokochi und Rohen - 1971 - Der menschliche Körper photograph. Atlas d. Anatomie.pdf;4;26.971,291.01922900860126,173.51,657.942;26.971;291.019229;173.51;657.942
6KUT8NA5;Der menschliche Körper: photograph. Atlas d. Anatomie;1975;7AC28EN6;63;C:\Users\annik\Zotero\storage\W437ACSS\Yokochi und Rohen - 1971 - Der menschliche Körper photograph. Atlas d. Anatomie.pdf;"{""pageIndex"":4,""rects"":[[175.817,209.096,403.125,659.481]]}";Yokochi und Rohen - 1971 - Der menschliche Körper photograph. Atlas d. Anatomie.pdf;4;175.817,209.096,403.125,659.481;175.817;209.096;403.125;659.481
TZCB6XEX;Strahlentherapie: radiolog. Onkologie;1976;8UWAEM5M;578;C:\Users\annik\Zotero\storage\FMRGZM5R\Buchscan_TZCB6XEX.pdf;"{""pageIndex"":7,""rects"":[[94.12,522.026,551.556,768.075]]}";Buchscan_TZCB6XEX.pdf;7;94.12,522.026,551.556,768.075;94.12;522.026;551.556;768.075
8PJREFQI;Was Mädchen nicht zu fragen wagen - und was auch Jungen gerne wüßten;1979;ZKE76ATB;23;C:\Users\annik\Zotero\storage\UB9UDLCY\Buchscan_8PJREFQI.pdf;"{""pageIndex"":18,""rects"":[[69.563,69.75,505.313,438]]}";Buchscan_8PJREFQI.pdf;18;69.563,69.75,505.313,438;69.563;69.75;505.313;438
8PJREFQI;Was Mädchen nicht zu fragen wagen - und was auch Jungen gerne wüßten;1979;DGYE2LRC;26;C:\Users\annik\Zotero\storage\UB9UDLCY\Buchscan_8PJREFQI.pdf;"{""pageIndex"":21,""rects"":[[114.563,199.125,524.8125,508.875]]}";Buchscan_8PJREFQI.pdf;21;114.563,199.125,524.8125,508.875;114.563;199.125;524.8125;508.875
8PJREFQI;Was Mädchen nicht zu fragen wagen - und was auch Jungen gerne wüßten;1979;WPS3ITNQ;63;C:\Users\annik\Zotero\storage\UB9UDLCY\Buchscan_8PJREFQI.pdf;"{""pageIndex"":58,""rects"":[[30.804,128.982,537.589,792.196]]}";Buchscan_8PJREFQI.pdf;58;30.804,128.982,537.589,792.196;30.804;128.982;537.589;792.196
FXBEHWRM;Liebe, Lust, Leidenschaft: Schule d. Liebeskunst;1982;KXQF5H8H;57;C:\Users\annik\Zotero\storage\GIHSTEFQ\Buchscan_FXBEHWRM.pdf;"{""pageIndex"":8,""rects"":[[52.07,101.81,499.277,490.299]]}";Buchscan_FXBEHWRM.pdf;8;52.07,101.81,499.277,490.299;52.07;101.81;499.277;490.299
ZNQE2GX6;Gynäkologische Onkologie: für d. Praxis;1984;JYSMUMCX;225;C:\Users\annik\Zotero\storage\T7U2F5MZ\Buchscan_ZNQE2GX6.pdf;"{""pageIndex"":3,""rects"":[[26.499,91.866,539.054,452.132]]}";Buchscan_ZNQE2GX6.pdf;3;26.499,91.866,539.054,452.132;26.499;91.866;539.054;452.132
ZNQE2GX6;Gynäkologische Onkologie: für d. Praxis;1984;5F3H4M4J;228;C:\Users\annik\Zotero\storage\T7U2F5MZ\Buchscan_ZNQE2GX6.pdf;"{""pageIndex"":6,""rects"":[[60.594,374.851,307.779,783.418]]}";Buchscan_ZNQE2GX6.pdf;6;60.594,374.851,307.779,783.418;60.594;374.851;307.779;783.418
ZNQE2GX6;Gynäkologische Onkologie: für d. Praxis;1984;L7G9AT27;229;C:\Users\annik\Zotero\storage\T7U2F5MZ\Buchscan_ZNQE2GX6.pdf;"{""pageIndex"":7,""rects"":[[276.526,125.014,526.553,513.692]]}";Buchscan_ZNQE2GX6.pdf;7;276.526,125.014,526.553,513.692;276.526;125.014;526.553;513.692
ZNQE2GX6;Gynäkologische Onkologie: für d. Praxis;1984;GKY98EH7;231;C:\Users\annik\Zotero\storage\T7U2F5MZ\Buchscan_ZNQE2GX6.pdf;"{""pageIndex"":9,""rects"":[[21.95312947453679,354.063,270.275,782.092]]}";Buchscan_ZNQE2GX6.pdf;9;21.95312947453679,354.063,270.275,782.092;21.95312947;354.063;270.275;782.092
ZNQE2GX6;Gynäkologische Onkologie: für d. Praxis;1984;VWDI34XI;231;C:\Users\annik\Zotero\storage\T7U2F5MZ\Buchscan_ZNQE2GX6.pdf;"{""pageIndex"":9,""rects"":[[279.936,363.723,522.007,748.424]]}";Buchscan_ZNQE2GX6.pdf;9;279.936,363.723,522.007,748.424;279.936;363.723;522.007;748.424
ZNQE2GX6;Gynäkologische Onkologie: für d. Praxis;1984;WIWAUPSH;233;C:\Users\annik\Zotero\storage\T7U2F5MZ\Buchscan_ZNQE2GX6.pdf;"{""pageIndex"":12,""rects"":[[279.367,336.826,529.394,767.555]]}";Buchscan_ZNQE2GX6.pdf;12;279.367,336.826,529.394,767.555;279.367;336.826;529.394;767.555
ZNQE2GX6;Gynäkologische Onkologie: für d. Praxis;1984;CZXJXYH5;234;C:\Users\annik\Zotero\storage\T7U2F5MZ\Buchscan_ZNQE2GX6.pdf;"{""pageIndex"":13,""rects"":[[64.00312947453679,359.177,312.894,780.814]]}";Buchscan_ZNQE2GX6.pdf;13;64.00312947453679,359.177,312.894,780.814;64.00312947;359.177;312.894;780.814
ZNQE2GX6;Gynäkologische Onkologie: für d. Praxis;1984;PUK5PSQL;236;C:\Users\annik\Zotero\storage\T7U2F5MZ\Buchscan_ZNQE2GX6.pdf;"{""pageIndex"":15,""rects"":[[63.177,354.6874961853027,311.92707061767584,780.312]]}";Buchscan_ZNQE2GX6.pdf;15;63.177,354.6874961853027,311.92707061767584,780.312;63.177;354.6874962;311.9270706;780.312
ZNQE2GX6;Gynäkologische Onkologie: für d. Praxis;1984;TAMBVPST;237;C:\Users\annik\Zotero\storage\T7U2F5MZ\Buchscan_ZNQE2GX6.pdf;"{""pageIndex"":16,""rects"":[[276.9270706176758,397.042,523.177,782.042]]}";Buchscan_ZNQE2GX6.pdf;16;276.9270706176758,397.042,523.177,782.042;276.9270706;397.042;523.177;782.042
ZNQE2GX6;Gynäkologische Onkologie: für d. Praxis;1984;87M8FN9G;240;C:\Users\annik\Zotero\storage\T7U2F5MZ\Buchscan_ZNQE2GX6.pdf;"{""pageIndex"":20,""rects"":[[65.677,431.979,571.927,785.729]]}";Buchscan_ZNQE2GX6.pdf;20;65.677,431.979,571.927,785.729;65.677;431.979;571.927;785.729
ZNQE2GX6;Gynäkologische Onkologie: für d. Praxis;1984;VT23UYPS;242;C:\Users\annik\Zotero\storage\T7U2F5MZ\Buchscan_ZNQE2GX6.pdf;"{""pageIndex"":22,""rects"":[[61.927,378.146,306.302,781.896]]}";Buchscan_ZNQE2GX6.pdf;22;61.927,378.146,306.302,781.896;61.927;378.146;306.302;781.896
KI7JXJSZ;Lebendige Morphologie;1985;CHRHGVJK;100;C:\Users\annik\Zotero\storage\I8E7NKTD\Buchscan_KI7JXJSZ.pdf;"{""pageIndex"":4,""rects"":[[74.232,55.167,512.915,470.505]]}";Buchscan_KI7JXJSZ.pdf;4;74.232,55.167,512.915,470.505;74.232;55.167;512.915;470.505
PNRCDS3G;Pädiatrische Differentialdiagnose;1986;HBIKTVTS;206;C:\Users\annik\Zotero\storage\KL9295XQ\Buchscan_PNRCDS3G.pdf;"{""pageIndex"":6,""rects"":[[68.466,178.27272727272728,562.102,800.773]]}";Buchscan_PNRCDS3G.pdf;6;68.466,178.27272727272728,562.102,800.773;68.466;178.2727273;562.102;800.773
PNRCDS3G;Pädiatrische Differentialdiagnose;1986;HIGSXNDF;207;C:\Users\annik\Zotero\storage\KL9295XQ\Buchscan_PNRCDS3G.pdf;"{""pageIndex"":7,""rects"":[[30.965922962535505,521.318,537.557,796.091]]}";Buchscan_PNRCDS3G.pdf;7;30.965922962535505,521.318,537.557,796.091;30.96592296;521.318;537.557;796.091
PNRCDS3G;Pädiatrische Differentialdiagnose;1986;A9IMUWVB;210;C:\Users\annik\Zotero\storage\KL9295XQ\Buchscan_PNRCDS3G.pdf;"{""pageIndex"":10,""rects"":[[64.154,60.846,276.801,288.051]]}";Buchscan_PNRCDS3G.pdf;10;64.154,60.846,276.801,288.051;64.154;60.846;276.801;288.051
PNRCDS3G;Pädiatrische Differentialdiagnose;1986;QZGR647A;211;C:\Users\annik\Zotero\storage\KL9295XQ\Buchscan_PNRCDS3G.pdf;"{""pageIndex"":11,""rects"":[[285.069,215.722,522.569,791.625]]}";Buchscan_PNRCDS3G.pdf;11;285.069,215.722,522.569,791.625;285.069;215.722;522.569;791.625
IZ8R2RTK;Geschichte der gynäkologischen Urologie;1987;3YMDEVTK;34;C:\Users\annik\Zotero\storage\6PCGZ3HT\Buchscan_IZ8R2RTK.pdf;"{""pageIndex"":6,""rects"":[[82.187,427.319,536.213,789.858]]}";Buchscan_IZ8R2RTK.pdf;6;82.187,427.319,536.213,789.858;82.187;427.319;536.213;789.858
IZ8R2RTK;Geschichte der gynäkologischen Urologie;1987;AR4EFRLM;41;C:\Users\annik\Zotero\storage\6PCGZ3HT\Buchscan_IZ8R2RTK.pdf;"{""pageIndex"":13,""rects"":[[42.563,329.687,490.313,793.5]]}";Buchscan_IZ8R2RTK.pdf;13;42.563,329.687,490.313,793.5;42.563;329.687;490.313;793.5
MEPNKE3H;Mensch und Gesellschaft;1988;XC6EKWKN;71;C:\Users\annik\Zotero\storage\EQ4ELGTN\Buchscan_MEPNKE3H.pdf;"{""pageIndex"":6,""rects"":[[17.39,60.118,252.978,306.2941176470588]]}";Buchscan_MEPNKE3H.pdf;6;17.39,60.118,252.978,306.2941176470588;17.39;60.118;252.978;306.2941176
MEPNKE3H;Mensch und Gesellschaft;1988;HTPS56JQ;72;C:\Users\annik\Zotero\storage\EQ4ELGTN\Buchscan_MEPNKE3H.pdf;"{""pageIndex"":7,""rects"":[[264.522,43.801,586.581,219.38967715992644]]}";Buchscan_MEPNKE3H.pdf;7;264.522,43.801,586.581,219.38967715992644;264.522;43.801;586.581;219.3896772
MEPNKE3H;Mensch und Gesellschaft;1988;6WTIFULC;72;C:\Users\annik\Zotero\storage\EQ4ELGTN\Buchscan_MEPNKE3H.pdf;"{""pageIndex"":7,""rects"":[[307.316,222.772,577.316,538.654]]}";Buchscan_MEPNKE3H.pdf;7;307.316,222.772,577.316,538.654;307.316;222.772;577.316;538.654
MEPNKE3H;Mensch und Gesellschaft;1988;Q7QWY8DJ;73;C:\Users\annik\Zotero\storage\EQ4ELGTN\Buchscan_MEPNKE3H.pdf;"{""pageIndex"":8,""rects"":[[330.699,544.507,567.61,805.684]]}";Buchscan_MEPNKE3H.pdf;8;330.699,544.507,567.61,805.684;330.699;544.507;567.61;805.684
MEPNKE3H;Mensch und Gesellschaft;1988;FPDVIQ4V;74;C:\Users\annik\Zotero\storage\EQ4ELGTN\Buchscan_MEPNKE3H.pdf;"{""pageIndex"":9,""rects"":[[24.087,221.933,575.625,538.087]]}";Buchscan_MEPNKE3H.pdf;9;24.087,221.933,575.625,538.087;24.087;221.933;575.625;538.087
MEPNKE3H;Mensch und Gesellschaft;1988;9IXD8UF9;75;C:\Users\annik\Zotero\storage\EQ4ELGTN\Buchscan_MEPNKE3H.pdf;"{""pageIndex"":10,""rects"":[[329.3382352941177,546.471,575.074,797.941]]}";Buchscan_MEPNKE3H.pdf;10;329.3382352941177,546.471,575.074,797.941;329.3382353;546.471;575.074;797.941
MEPNKE3H;Mensch und Gesellschaft;1988;X2A9TKHE;75;C:\Users\annik\Zotero\storage\EQ4ELGTN\Buchscan_MEPNKE3H.pdf;"{""pageIndex"":10,""rects"":[[15.433,227.452,568.125,534.375]]}";Buchscan_MEPNKE3H.pdf;10;15.433,227.452,568.125,534.375;15.433;227.452;568.125;534.375
MEPNKE3H;Mensch und Gesellschaft;1988;NUDA38D6;77;C:\Users\annik\Zotero\storage\EQ4ELGTN\Buchscan_MEPNKE3H.pdf;"{""pageIndex"":12,""rects"":[[337.105,54.566,574.112,220.355]]}";Buchscan_MEPNKE3H.pdf;12;337.105,54.566,574.112,220.355;337.105;54.566;574.112;220.355
MEPNKE3H;Mensch und Gesellschaft;1988;5LU2FYUZ;78;C:\Users\annik\Zotero\storage\EQ4ELGTN\Buchscan_MEPNKE3H.pdf;"{""pageIndex"":13,""rects"":[[24.542,218.333,571.542,534.333]]}";Buchscan_MEPNKE3H.pdf;13;24.542,218.333,571.542,534.333;24.542;218.333;571.542;534.333
XZPEBSMQ;Sexuell übertragbare Krankheiten;1990;X7X7TM9T;65;C:\Users\annik\Zotero\storage\2LU7FRUI\Buchscan_XZPEBSMQ.pdf;"{""pageIndex"":25,""rects"":[[44.732,441.429,466.875,778.929]]}";Buchscan_XZPEBSMQ.pdf;25;44.732,441.429,466.875,778.929;44.732;441.429;466.875;778.929
XZPEBSMQ;Sexuell übertragbare Krankheiten;1990;GRS3TZYH;76;C:\Users\annik\Zotero\storage\2LU7FRUI\Buchscan_XZPEBSMQ.pdf;"{""pageIndex"":36,""rects"":[[45.433,68.163,279.663,450.663]]}";Buchscan_XZPEBSMQ.pdf;36;45.433,68.163,279.663,450.663;45.433;68.163;279.663;450.663
XZPEBSMQ;Sexuell übertragbare Krankheiten;1990;GSEWV43N;124;C:\Users\annik\Zotero\storage\2LU7FRUI\Buchscan_XZPEBSMQ.pdf;"{""pageIndex"":84,""rects"":[[73.702,411.5,551.394,768.038]]}";Buchscan_XZPEBSMQ.pdf;84;73.702,411.5,551.394,768.038;73.702;411.5;551.394;768.038
XZPEBSMQ;Sexuell übertragbare Krankheiten;1990;7F5MKMXC;146;C:\Users\annik\Zotero\storage\2LU7FRUI\Buchscan_XZPEBSMQ.pdf;"{""pageIndex"":106,""rects"":[[45.069,161.486,505.069,770.097]]}";Buchscan_XZPEBSMQ.pdf;106;45.069,161.486,505.069,770.097;45.069;161.486;505.069;770.097
XU4JUW6R;Dein Körper - Deine Gefühle: für Jugendliche über Sexualität und Verhütung;1992;TAMUUX54;25;C:\Users\annik\Zotero\storage\WCRIRA9T\Buchscan_XU4JUW6R.pdf;"{""pageIndex"":21,""rects"":[[71.39,489.068,531.099,786.8274803677119]]}";Buchscan_XU4JUW6R.pdf;21;71.39,489.068,531.099,786.8274803677119;71.39;489.068;531.099;786.8274804
XU4JUW6R;Dein Körper - Deine Gefühle: für Jugendliche über Sexualität und Verhütung;1992;QN7Z5FFK;25;C:\Users\annik\Zotero\storage\WCRIRA9T\Buchscan_XU4JUW6R.pdf;"{""pageIndex"":21,""rects"":[[67.981,178.428,542.464,474.483]]}";Buchscan_XU4JUW6R.pdf;21;67.981,178.428,542.464,474.483;67.981;178.428;542.464;474.483
XU4JUW6R;Dein Körper - Deine Gefühle: für Jugendliche über Sexualität und Verhütung;1992;7MAIFAJE;26;C:\Users\annik\Zotero\storage\WCRIRA9T\Buchscan_XU4JUW6R.pdf;"{""pageIndex"":22,""rects"":[[103.212,133.727,525.417,505.926]]}";Buchscan_XU4JUW6R.pdf;22;103.212,133.727,525.417,505.926;103.212;133.727;525.417;505.926
XU4JUW6R;Dein Körper - Deine Gefühle: für Jugendliche über Sexualität und Verhütung;1992;PLYCR24R;27;C:\Users\annik\Zotero\storage\WCRIRA9T\Buchscan_XU4JUW6R.pdf;"{""pageIndex"":23,""rects"":[[75.936,101.337,541.896,456.489]]}";Buchscan_XU4JUW6R.pdf;23;75.936,101.337,541.896,456.489;75.936;101.337;541.896;456.489
XBZSN3EB;Neuro- und Sinnesphysiologie: mit 11 Tabellen;1993;JIXT8YEJ;184;C:\Users\annik\Zotero\storage\9633EFKC\Buchscan_XBZSN3EB.pdf;"{""pageIndex"":6,""rects"":[[48.661,63.643,545.305,375.609]]}";Buchscan_XBZSN3EB.pdf;6;48.661,63.643,545.305,375.609;48.661;63.643;545.305;375.609
QC5PQ8DF;Die Behandlung des Vulvakarzinoms an der Universitäts-Frauenklinik der Friedrich-Schiller-Universität Jena in den Jahren 1976 bis 1989;1994;ET4A69F3;9;C:\Users\annik\Zotero\storage\33XNRWMB\Buchscan_QC5PQ8DF.pdf;"{""pageIndex"":7,""rects"":[[48.092318663725976,163.51199324324318,298.119,630.75]]}";Buchscan_QC5PQ8DF.pdf;7;48.092318663725976,163.51199324324318,298.119,630.75;48.09231866;163.5119932;298.119;630.75
QC5PQ8DF;Die Behandlung des Vulvakarzinoms an der Universitäts-Frauenklinik der Friedrich-Schiller-Universität Jena in den Jahren 1976 bis 1989;1994;F6ZWMAWW;9;C:\Users\annik\Zotero\storage\33XNRWMB\Buchscan_QC5PQ8DF.pdf;"{""pageIndex"":7,""rects"":[[295.84637271778,174.3086148648648,554.397,632.502]]}";Buchscan_QC5PQ8DF.pdf;7;295.84637271778,174.3086148648648,554.397,632.502;295.8463727;174.3086149;554.397;632.502
QC5PQ8DF;Die Behandlung des Vulvakarzinoms an der Universitäts-Frauenklinik der Friedrich-Schiller-Universität Jena in den Jahren 1976 bis 1989;1994;AUGZ3HUX;22;C:\Users\annik\Zotero\storage\33XNRWMB\Buchscan_QC5PQ8DF.pdf;"{""pageIndex"":20,""rects"":[[34.454,260.303,487.344,566.586]]}";Buchscan_QC5PQ8DF.pdf;20;34.454,260.303,487.344,566.586;34.454;260.303;487.344;566.586
QC5PQ8DF;Die Behandlung des Vulvakarzinoms an der Universitäts-Frauenklinik der Friedrich-Schiller-Universität Jena in den Jahren 1976 bis 1989;1994;MZYRQW29;29;C:\Users\annik\Zotero\storage\33XNRWMB\Buchscan_QC5PQ8DF.pdf;"{""pageIndex"":27,""rects"":[[35.023,434.375,560.079,723.042]]}";Buchscan_QC5PQ8DF.pdf;27;35.023,434.375,560.079,723.042;35.023;434.375;560.079;723.042
QC5PQ8DF;Die Behandlung des Vulvakarzinoms an der Universitäts-Frauenklinik der Friedrich-Schiller-Universität Jena in den Jahren 1976 bis 1989;1994;AEIET9UE;35;C:\Users\annik\Zotero\storage\33XNRWMB\Buchscan_QC5PQ8DF.pdf;"{""pageIndex"":33,""rects"":[[10.313,161.438,578.063,672.938]]}";Buchscan_QC5PQ8DF.pdf;33;10.313,161.438,578.063,672.938;10.313;161.438;578.063;672.938
VF2PAZFF;Mars, Venus und Eros: Männer lieben anders, Frauen auch;1996;WU8URMU7;118;C:\Users\annik\Zotero\storage\J5CS9Y7K\Buchscan_VF2PAZFF.pdf;"{""pageIndex"":114,""rects"":[[83.892,467.759,465.183,817.228]]}";Buchscan_VF2PAZFF.pdf;114;83.892,467.759,465.183,817.228;83.892;467.759;465.183;817.228
VF2PAZFF;Mars, Venus und Eros: Männer lieben anders, Frauen auch;1996;NABA9RTU;121;C:\Users\annik\Zotero\storage\J5CS9Y7K\Buchscan_VF2PAZFF.pdf;"{""pageIndex"":117,""rects"":[[121.396,498.255,495.3,809.652]]}";Buchscan_VF2PAZFF.pdf;117;121.396,498.255,495.3,809.652;121.396;498.255;495.3;809.652
48MPV2WA;Wo es keinen Arzt gibt: medizinisches Gesundheitshandbuch zur Hilfe und Selbsthilfe auf Reisen = (Where there is no doctor);1998;RXCRA5F3;200;C:\Users\annik\Zotero\storage\JYG7VAIM\Buchscan_48MPV2WA.pdf;"{""pageIndex"":3,""rects"":[[64.571,50.005,551.556,248.891]]}";Buchscan_48MPV2WA.pdf;3;64.571,50.005,551.556,248.891;64.571;50.005;551.556;248.891
4U5ZMJID;Sexualität und Partnerschaft;1999;N7DPR6HH;56;C:\Users\annik\Zotero\storage\FH8YHVZW\Stoppard und Stoppard - 1999 - Sexualität und Partnerschaft.pdf;"{""pageIndex"":41,""rects"":[[316.303,347.954,547.578,652.533]]}";Stoppard und Stoppard - 1999 - Sexualität und Partnerschaft.pdf;41;316.303,347.954,547.578,652.533;316.303;347.954;547.578;652.533
4U5ZMJID;Sexualität und Partnerschaft;1999;ASK78D3Y;56;C:\Users\annik\Zotero\storage\FH8YHVZW\Stoppard und Stoppard - 1999 - Sexualität und Partnerschaft.pdf;"{""pageIndex"":41,""rects"":[[317.44,45.83829984922659,541.327,336.211]]}";Stoppard und Stoppard - 1999 - Sexualität und Partnerschaft.pdf;41;317.44,45.83829984922659,541.327,336.211;317.44;45.83829985;541.327;336.211
4U5ZMJID;Sexualität und Partnerschaft;1999;7MRHGLGC;73;C:\Users\annik\Zotero\storage\FH8YHVZW\Stoppard und Stoppard - 1999 - Sexualität und Partnerschaft.pdf;"{""pageIndex"":58,""rects"":[[9.236,49.597,588.403,527.931]]}";Stoppard und Stoppard - 1999 - Sexualität und Partnerschaft.pdf;58;9.236,49.597,588.403,527.931;9.236;49.597;588.403;527.931
4U5ZMJID;Sexualität und Partnerschaft;1999;QSEBBV7M;78;C:\Users\annik\Zotero\storage\FH8YHVZW\Stoppard und Stoppard - 1999 - Sexualität und Partnerschaft.pdf;"{""pageIndex"":63,""rects"":[[46.736,602.514,520.903,787.514]]}";Stoppard und Stoppard - 1999 - Sexualität und Partnerschaft.pdf;63;46.736,602.514,520.903,787.514;46.736;602.514;520.903;787.514
D5CMJDJA;Praxishandbuch Medizin & Gesundheit: Wissen, Ratschläge, Selbsthilfe;2001;KWUXZ83Q;731;C:\Users\annik\Zotero\storage\349EEBJF\Buchscan_D5CMJDJA.pdf;"{""pageIndex"":15,""rects"":[[38.466,220.455,579.83,620.682]]}";Buchscan_D5CMJDJA.pdf;15;38.466,220.455,579.83,620.682;38.466;220.455;579.83;620.682
D5CMJDJA;Praxishandbuch Medizin & Gesundheit: Wissen, Ratschläge, Selbsthilfe;2001;2I7N6PEX;731;C:\Users\annik\Zotero\storage\349EEBJF\Buchscan_D5CMJDJA.pdf;"{""pageIndex"":15,""rects"":[[43.75000224393957,72.941,296.985,218.088228113511]]}";Buchscan_D5CMJDJA.pdf;15;43.75000224393957,72.941,296.985,218.088228113511;43.75000224;72.941;296.985;218.0882281
D5CMJDJA;Praxishandbuch Medizin & Gesundheit: Wissen, Ratschläge, Selbsthilfe;2001;D3DF3FEN;741;C:\Users\annik\Zotero\storage\349EEBJF\Buchscan_D5CMJDJA.pdf;"{""pageIndex"":25,""rects"":[[390.375,474.958,555.875,704.958]]}";Buchscan_D5CMJDJA.pdf;25;390.375,474.958,555.875,704.958;390.375;474.958;555.875;704.958
D5CMJDJA;Praxishandbuch Medizin & Gesundheit: Wissen, Ratschläge, Selbsthilfe;2001;WH352QH5;755;C:\Users\annik\Zotero\storage\349EEBJF\Buchscan_D5CMJDJA.pdf;"{""pageIndex"":39,""rects"":[[34.542,271.5,563.542,614.5]]}";Buchscan_D5CMJDJA.pdf;39;34.542,271.5,563.542,614.5;34.542;271.5;563.542;614.5
D5CMJDJA;Praxishandbuch Medizin & Gesundheit: Wissen, Ratschläge, Selbsthilfe;2001;X3V7PXJ7;767;C:\Users\annik\Zotero\storage\349EEBJF\Buchscan_D5CMJDJA.pdf;"{""pageIndex"":51,""rects"":[[37.542,275.125,563.542,626.083]]}";Buchscan_D5CMJDJA.pdf;51;37.542,275.125,563.542,626.083;37.542;275.125;563.542;626.083
D5CMJDJA;Praxishandbuch Medizin & Gesundheit: Wissen, Ratschläge, Selbsthilfe;2001;SV2CRDVB;768;C:\Users\annik\Zotero\storage\349EEBJF\Buchscan_D5CMJDJA.pdf;"{""pageIndex"":52,""rects"":[[420.333,339.792,581.333,626.292]]}";Buchscan_D5CMJDJA.pdf;52;420.333,339.792,581.333,626.292;420.333;339.792;581.333;626.292
D5CMJDJA;Praxishandbuch Medizin & Gesundheit: Wissen, Ratschläge, Selbsthilfe;2001;HZXLAYPJ;768;C:\Users\annik\Zotero\storage\349EEBJF\Buchscan_D5CMJDJA.pdf;"{""pageIndex"":52,""rects"":[[17.833,57.458,181.833,329.958]]}";Buchscan_D5CMJDJA.pdf;52;17.833,57.458,181.833,329.958;17.833;57.458;181.833;329.958
D5CMJDJA;Praxishandbuch Medizin & Gesundheit: Wissen, Ratschläge, Selbsthilfe;2001;Z79ERN6J;769;C:\Users\annik\Zotero\storage\349EEBJF\Buchscan_D5CMJDJA.pdf;"{""pageIndex"":53,""rects"":[[24.833335876464844,301.125,307.333,560.625]]}";Buchscan_D5CMJDJA.pdf;53;24.833335876464844,301.125,307.333,560.625;24.83333588;301.125;307.333;560.625
D5CMJDJA;Praxishandbuch Medizin & Gesundheit: Wissen, Ratschläge, Selbsthilfe;2001;LQE9EICH;770;C:\Users\annik\Zotero\storage\349EEBJF\Buchscan_D5CMJDJA.pdf;"{""pageIndex"":54,""rects"":[[303.693,54,583.92,631.216]]}";Buchscan_D5CMJDJA.pdf;54;303.693,54,583.92,631.216;303.693;54;583.92;631.216
D5CMJDJA;Praxishandbuch Medizin & Gesundheit: Wissen, Ratschläge, Selbsthilfe;2001;N77ZYFTI;771;C:\Users\annik\Zotero\storage\349EEBJF\Buchscan_D5CMJDJA.pdf;"{""pageIndex"":55,""rects"":[[36.42,64.091,294.83,727.955]]}";Buchscan_D5CMJDJA.pdf;55;36.42,64.091,294.83,727.955;36.42;64.091;294.83;727.955
D5CMJDJA;Praxishandbuch Medizin & Gesundheit: Wissen, Ratschläge, Selbsthilfe;2001;WEYJZUBY;771;C:\Users\annik\Zotero\storage\349EEBJF\Buchscan_D5CMJDJA.pdf;"{""pageIndex"":55,""rects"":[[319.375,63.864,559.375,369.318]]}";Buchscan_D5CMJDJA.pdf;55;319.375,63.864,559.375,369.318;319.375;63.864;559.375;369.318
D5CMJDJA;Praxishandbuch Medizin & Gesundheit: Wissen, Ratschläge, Selbsthilfe;2001;5T5SKUWS;772;C:\Users\annik\Zotero\storage\349EEBJF\Buchscan_D5CMJDJA.pdf;"{""pageIndex"":56,""rects"":[[397.784,469.636,579.148,748.5]]}";Buchscan_D5CMJDJA.pdf;56;397.784,469.636,579.148,748.5;397.784;469.636;579.148;748.5
F7AHE692;Gesundheit für die ganze Familie: Symptome erkennen und richtig deuten;2002;KU97WZGH;4;C:\Users\annik\Zotero\storage\QIUGFTDJ\Buchscan_F7AHE692.pdf;"{""pageIndex"":3,""rects"":[[16.542,346.708,427.542,564.208]]}";Buchscan_F7AHE692.pdf;3;16.542,346.708,427.542,564.208;16.542;346.708;427.542;564.208
F7AHE692;Gesundheit für die ganze Familie: Symptome erkennen und richtig deuten;2002;68PAM39S;6;C:\Users\annik\Zotero\storage\QIUGFTDJ\Buchscan_F7AHE692.pdf;"{""pageIndex"":5,""rects"":[[313.92,53.693,595,570.511]]}";Buchscan_F7AHE692.pdf;5;313.92,53.693,595,570.511;313.92;53.693;595;570.511
F7AHE692;Gesundheit für die ganze Familie: Symptome erkennen und richtig deuten;2002;5ZJNWFMT;11;C:\Users\annik\Zotero\storage\QIUGFTDJ\Buchscan_F7AHE692.pdf;"{""pageIndex"":10,""rects"":[[394.375,55.057,567.557,301.8749944513494]]}";Buchscan_F7AHE692.pdf;10;394.375,55.057,567.557,301.8749944513494;394.375;55.057;567.557;301.8749945
CCKMC2J4;Le français médical: ein Lehr- und Übungsbuch für den Klinikalltag;2003;TCZR6WCS;36;C:\Users\annik\Zotero\storage\E9KMIQM2\Buchscan_CCKMC2J4.pdf;"{""pageIndex"":3,""rects"":[[80.482,454.405,533.372,782.85]]}";Buchscan_CCKMC2J4.pdf;3;80.482,454.405,533.372,782.85;80.482;454.405;533.372;782.85
RT463S37;Total normal: was du schon immer über Sex wissen wolltest;2003;JBW4CN5G;17;C:\Users\annik\Zotero\storage\BBYTN4IU\Buchscan_RT463S37.pdf;"{""pageIndex"":16,""rects"":[[201.518,618.533,364.036,741.273]]}";Buchscan_RT463S37.pdf;16;201.518,618.533,364.036,741.273;201.518;618.533;364.036;741.273
RT463S37;Total normal: was du schon immer über Sex wissen wolltest;2003;FFR6DUQF;17;C:\Users\annik\Zotero\storage\BBYTN4IU\Buchscan_RT463S37.pdf;"{""pageIndex"":16,""rects"":[[239.63,134.218,505.185,344.773]]}";Buchscan_RT463S37.pdf;16;239.63,134.218,505.185,344.773;239.63;134.218;505.185;344.773
52E4WI2V;"100.000 Jahre Sex: über Liebe, Fruchtbarkeit und Wollust ; [zur Ausstellung ""100.000 Jahre Sex - Über Liebe, Fruchtbarkeit und Wollust""]";2004;NJNHBEJM;75;C:\Users\annik\Zotero\storage\3CVBX88H\Buchscan_52E4WI2V.pdf;"{""pageIndex"":55,""rects"":[[477.1691154031193,38.279,733.493,571.882]]}";Buchscan_52E4WI2V.pdf;55;477.1691154031193,38.279,733.493,571.882;477.1691154;38.279;733.493;571.882
52E4WI2V;"100.000 Jahre Sex: über Liebe, Fruchtbarkeit und Wollust ; [zur Ausstellung ""100.000 Jahre Sex - Über Liebe, Fruchtbarkeit und Wollust""]";2004;2EVJN93M;81;C:\Users\annik\Zotero\storage\3CVBX88H\Buchscan_52E4WI2V.pdf;"{""pageIndex"":61,""rects"":[[360.5,92.917,726,408.417]]}";Buchscan_52E4WI2V.pdf;61;360.5,92.917,726,408.417;360.5;92.917;726;408.417
8KEFJU23;Schmerzfrei durchs Leben: die wirksamsten Therapien, Medikamente, Selbsthilfemaßnahmem;2004;RAPYS2PC;12;C:\Users\annik\Zotero\storage\ZPYIFGPP\Buchscan_8KEFJU23.pdf;"{""pageIndex"":5,""rects"":[[19.081,249.522,260.846,418.934]]}";Buchscan_8KEFJU23.pdf;5;19.081,249.522,260.846,418.934;19.081;249.522;260.846;418.934
8KEFJU23;Schmerzfrei durchs Leben: die wirksamsten Therapien, Medikamente, Selbsthilfemaßnahmem;2004;8Y3EYCDT;14;C:\Users\annik\Zotero\storage\ZPYIFGPP\Buchscan_8KEFJU23.pdf;"{""pageIndex"":7,""rects"":[[272.316,49.904,526.875,249.316]]}";Buchscan_8KEFJU23.pdf;7;272.316,49.904,526.875,249.316;272.316;49.904;526.875;249.316
ZHWETETE;Anatomie und Physiologie;2006;QL85UF2T;1244;C:\Users\annik\Zotero\storage\B2ZB2DJA\Buchscan_ZHWETETE.pdf;"{""pageIndex"":4,""rects"":[[45,76.042,581,472.958]]}";Buchscan_ZHWETETE.pdf;4;45,76.042,581,472.958;45;76.042;581;472.958
ZHWETETE;Anatomie und Physiologie;2006;JD56LKD2;1245;C:\Users\annik\Zotero\storage\B2ZB2DJA\Buchscan_ZHWETETE.pdf;"{""pageIndex"":5,""rects"":[[14.5,84.708,541,449.708]]}";Buchscan_ZHWETETE.pdf;5;14.5,84.708,541,449.708;14.5;84.708;541;449.708
ZHWETETE;Anatomie und Physiologie;2006;M4PRXFZY;1254;C:\Users\annik\Zotero\storage\B2ZB2DJA\Buchscan_ZHWETETE.pdf;"{""pageIndex"":14,""rects"":[[40.817,78.135,535.24,482.558]]}";Buchscan_ZHWETETE.pdf;14;40.817,78.135,535.24,482.558;40.817;78.135;535.24;482.558
ZHWETETE;Anatomie und Physiologie;2006;ZVR33VNC;1255;C:\Users\annik\Zotero\storage\B2ZB2DJA\Buchscan_ZHWETETE.pdf;"{""pageIndex"":15,""rects"":[[285.433,551.25,535.24,766.442]]}";Buchscan_ZHWETETE.pdf;15;285.433,551.25,535.24,766.442;285.433;551.25;535.24;766.442
ZHWETETE;Anatomie und Physiologie;2006;KXKCSKJM;1256;C:\Users\annik\Zotero\storage\B2ZB2DJA\Buchscan_ZHWETETE.pdf;"{""pageIndex"":16,""rects"":[[54.087,422.971,571.587,764.51]]}";Buchscan_ZHWETETE.pdf;16;54.087,422.971,571.587,764.51;54.087;422.971;571.587;764.51
ZHWETETE;Anatomie und Physiologie;2006;GRWVKMJB;1258;C:\Users\annik\Zotero\storage\B2ZB2DJA\Buchscan_ZHWETETE.pdf;"{""pageIndex"":18,""rects"":[[5.063,130.5,575.063,761.813]]}";Buchscan_ZHWETETE.pdf;18;5.063,130.5,575.063,761.813;5.063;130.5;575.063;761.813
ZHWETETE;Anatomie und Physiologie;2006;U6A4RNQV;1259;C:\Users\annik\Zotero\storage\B2ZB2DJA\Buchscan_ZHWETETE.pdf;"{""pageIndex"":19,""rects"":[[37.933,296.692,319.471,770.298]]}";Buchscan_ZHWETETE.pdf;19;37.933,296.692,319.471,770.298;37.933;296.692;319.471;770.298
AR84UXVG;"Taschenatlas Ohrakupunktur nach Nogier-Bahr: Grundlagen - Lokalisationen - Indikationen ; 60 Tabellen ; [nach den Ausbildungsrichtlinien der Deutschen Akademie für Akupunktur und Aurikulomedizin (DAAAM), München]";2008;D5SHFFEX;81;C:\Users\annik\Zotero\storage\46VQNP2Z\Buchscan_AR84UXVG.pdf;"{""pageIndex"":4,""rects"":[[50.593,373.767,484.517,743.383]]}";Buchscan_AR84UXVG.pdf;4;50.593,373.767,484.517,743.383;50.593;373.767;484.517;743.383
AR84UXVG;"Taschenatlas Ohrakupunktur nach Nogier-Bahr: Grundlagen - Lokalisationen - Indikationen ; 60 Tabellen ; [nach den Ausbildungsrichtlinien der Deutschen Akademie für Akupunktur und Aurikulomedizin (DAAAM), München]";2008;C68LWVM3;83;C:\Users\annik\Zotero\storage\46VQNP2Z\Buchscan_AR84UXVG.pdf;"{""pageIndex"":6,""rects"":[[55.458,43.153,385.458,354.8194402058919]]}";Buchscan_AR84UXVG.pdf;6;55.458,43.153,385.458,354.8194402058919;55.458;43.153;385.458;354.8194402
QSC464IZ;"Kindesmisshandlung: medizinische Diagnostik, Intervention und rechtliche Grundlagen ; mit 60 Tabellen";2010;ETYT2TB2;12;C:\Users\annik\Zotero\storage\TZ6KZ2W6\Buchscan_QSC464IZ.pdf;"{""pageIndex"":9,""rects"":[[50.593,490.937,558.814,781.26]]}";Buchscan_QSC464IZ.pdf;9;50.593,490.937,558.814,781.26;50.593;490.937;558.814;781.26
QSC464IZ;"Kindesmisshandlung: medizinische Diagnostik, Intervention und rechtliche Grundlagen ; mit 60 Tabellen";2010;RCU3J2PJ;16;C:\Users\annik\Zotero\storage\TZ6KZ2W6\Buchscan_QSC464IZ.pdf;"{""pageIndex"":13,""rects"":[[22.663,123.18750381469717,274.663,773.937]]}";Buchscan_QSC464IZ.pdf;13;22.663,123.18750381469717,274.663,773.937;22.663;123.1875038;274.663;773.937
QSC464IZ;"Kindesmisshandlung: medizinische Diagnostik, Intervention und rechtliche Grundlagen ; mit 60 Tabellen";2010;554LA7KY;17;C:\Users\annik\Zotero\storage\TZ6KZ2W6\Buchscan_QSC464IZ.pdf;"{""pageIndex"":14,""rects"":[[316.65,129.75,581.15,497.75]]}";Buchscan_QSC464IZ.pdf;14;316.65,129.75,581.15,497.75;316.65;129.75;581.15;497.75
QSC464IZ;"Kindesmisshandlung: medizinische Diagnostik, Intervention und rechtliche Grundlagen ; mit 60 Tabellen";2010;NNDEI5WI;23;C:\Users\annik\Zotero\storage\TZ6KZ2W6\Buchscan_QSC464IZ.pdf;"{""pageIndex"":20,""rects"":[[67.958,53.472,312.125,763.333]]}";Buchscan_QSC464IZ.pdf;20;67.958,53.472,312.125,763.333;67.958;53.472;312.125;763.333
QSC464IZ;"Kindesmisshandlung: medizinische Diagnostik, Intervention und rechtliche Grundlagen ; mit 60 Tabellen";2010;K4RR82TN;24;C:\Users\annik\Zotero\storage\TZ6KZ2W6\Buchscan_QSC464IZ.pdf;"{""pageIndex"":21,""rects"":[[26.038,42.875,270.654,344.029]]}";Buchscan_QSC464IZ.pdf;21;26.038,42.875,270.654,344.029;26.038;42.875;270.654;344.029
QSC464IZ;"Kindesmisshandlung: medizinische Diagnostik, Intervention und rechtliche Grundlagen ; mit 60 Tabellen";2010;BHZE63WW;27;C:\Users\annik\Zotero\storage\TZ6KZ2W6\Buchscan_QSC464IZ.pdf;"{""pageIndex"":24,""rects"":[[54.308,538.567,571.231,761.837]]}";Buchscan_QSC464IZ.pdf;24;54.308,538.567,571.231,761.837;54.308;538.567;571.231;761.837
QSC464IZ;"Kindesmisshandlung: medizinische Diagnostik, Intervention und rechtliche Grundlagen ; mit 60 Tabellen";2010;7TU78KUB;27;C:\Users\annik\Zotero\storage\TZ6KZ2W6\Buchscan_QSC464IZ.pdf;"{""pageIndex"":24,""rects"":[[45.654,42.221,562.577,237.221]]}";Buchscan_QSC464IZ.pdf;24;45.654,42.221,562.577,237.221;45.654;42.221;562.577;237.221
QSC464IZ;"Kindesmisshandlung: medizinische Diagnostik, Intervention und rechtliche Grundlagen ; mit 60 Tabellen";2010;7PZ7USEZ;28;C:\Users\annik\Zotero\storage\TZ6KZ2W6\Buchscan_QSC464IZ.pdf;"{""pageIndex"":25,""rects"":[[28.346,36.106,284.5,386.875]]}";Buchscan_QSC464IZ.pdf;25;28.346,36.106,284.5,386.875;28.346;36.106;284.5;386.875
QSC464IZ;"Kindesmisshandlung: medizinische Diagnostik, Intervention und rechtliche Grundlagen ; mit 60 Tabellen";2010;BKCXC23I;29;C:\Users\annik\Zotero\storage\TZ6KZ2W6\Buchscan_QSC464IZ.pdf;"{""pageIndex"":26,""rects"":[[58.346,486.144,308.731,768.26]]}";Buchscan_QSC464IZ.pdf;26;58.346,486.144,308.731,768.26;58.346;486.144;308.731;768.26
QSC464IZ;"Kindesmisshandlung: medizinische Diagnostik, Intervention und rechtliche Grundlagen ; mit 60 Tabellen";2010;9F2WDK2N;31;C:\Users\annik\Zotero\storage\TZ6KZ2W6\Buchscan_QSC464IZ.pdf;"{""pageIndex"":28,""rects"":[[306.423,408.721,562,764.683]]}";Buchscan_QSC464IZ.pdf;28;306.423,408.721,562,764.683;306.423;408.721;562;764.683
QSC464IZ;"Kindesmisshandlung: medizinische Diagnostik, Intervention und rechtliche Grundlagen ; mit 60 Tabellen";2010;7YS3X2PF;40;C:\Users\annik\Zotero\storage\TZ6KZ2W6\Buchscan_QSC464IZ.pdf;"{""pageIndex"":37,""rects"":[[50.846,435.221,308.154,760.606]]}";Buchscan_QSC464IZ.pdf;37;50.846,435.221,308.154,760.606;50.846;435.221;308.154;760.606
QSC464IZ;"Kindesmisshandlung: medizinische Diagnostik, Intervention und rechtliche Grundlagen ; mit 60 Tabellen";2010;KTNGJSLB;44;C:\Users\annik\Zotero\storage\TZ6KZ2W6\Buchscan_QSC464IZ.pdf;"{""pageIndex"":41,""rects"":[[35.269,489.606,289.115,768.26]]}";Buchscan_QSC464IZ.pdf;41;35.269,489.606,289.115,768.26;35.269;489.606;289.115;768.26
QSC464IZ;"Kindesmisshandlung: medizinische Diagnostik, Intervention und rechtliche Grundlagen ; mit 60 Tabellen";2010;3LNVCVYY;44;C:\Users\annik\Zotero\storage\TZ6KZ2W6\Buchscan_QSC464IZ.pdf;"{""pageIndex"":41,""rects"":[[295.462,417.106,555.654,769.029]]}";Buchscan_QSC464IZ.pdf;41;295.462,417.106,555.654,769.029;295.462;417.106;555.654;769.029
QSC464IZ;"Kindesmisshandlung: medizinische Diagnostik, Intervention und rechtliche Grundlagen ; mit 60 Tabellen";2010;T9665SFK;44;C:\Users\annik\Zotero\storage\TZ6KZ2W6\Buchscan_QSC464IZ.pdf;"{""pageIndex"":41,""rects"":[[292.577,43.067,557.385,397.298]]}";Buchscan_QSC464IZ.pdf;41;292.577,43.067,557.385,397.298;292.577;43.067;557.385;397.298
QSC464IZ;"Kindesmisshandlung: medizinische Diagnostik, Intervention und rechtliche Grundlagen ; mit 60 Tabellen";2010;UCBXSWWC;46;C:\Users\annik\Zotero\storage\TZ6KZ2W6\Buchscan_QSC464IZ.pdf;"{""pageIndex"":43,""rects"":[[63.538,391.413,307,760.067]]}";Buchscan_QSC464IZ.pdf;43;63.538,391.413,307,760.067;63.538;391.413;307;760.067
QSC464IZ;"Kindesmisshandlung: medizinische Diagnostik, Intervention und rechtliche Grundlagen ; mit 60 Tabellen";2010;YKMZRYB8;47;C:\Users\annik\Zotero\storage\TZ6KZ2W6\Buchscan_QSC464IZ.pdf;"{""pageIndex"":44,""rects"":[[34.692,342.798,282.769,536.067]]}";Buchscan_QSC464IZ.pdf;44;34.692,342.798,282.769,536.067;34.692;342.798;282.769;536.067
QSC464IZ;"Kindesmisshandlung: medizinische Diagnostik, Intervention und rechtliche Grundlagen ; mit 60 Tabellen";2010;ESN6FL4D;47;C:\Users\annik\Zotero\storage\TZ6KZ2W6\Buchscan_QSC464IZ.pdf;"{""pageIndex"":44,""rects"":[[33.538,45.298,285.654,322.221]]}";Buchscan_QSC464IZ.pdf;44;33.538,45.298,285.654,322.221;33.538;45.298;285.654;322.221
QSC464IZ;"Kindesmisshandlung: medizinische Diagnostik, Intervention und rechtliche Grundlagen ; mit 60 Tabellen";2010;JPEUZTA3;48;C:\Users\annik\Zotero\storage\TZ6KZ2W6\Buchscan_QSC464IZ.pdf;"{""pageIndex"":45,""rects"":[[53.731,310.337,301.808,614.375]]}";Buchscan_QSC464IZ.pdf;45;53.731,310.337,301.808,614.375;53.731;310.337;301.808;614.375
PIV7MMQG;Loslegen;2011;VL24FWEJ;194;C:\Users\annik\Zotero\storage\TNZ4V2LB\Buchscan_PIV7MMQG.pdf;"{""pageIndex"":3,""rects"":[[33.736,219.501,557.566,498.585]]}";Buchscan_PIV7MMQG.pdf;3;33.736,219.501,557.566,498.585;33.736;219.501;557.566;498.585
PIV7MMQG;Loslegen;2011;IMVSBYCX;195;C:\Users\annik\Zotero\storage\TNZ4V2LB\Buchscan_PIV7MMQG.pdf;"{""pageIndex"":4,""rects"":[[16.253926742315823,63.205,537.587,479.022]]}";Buchscan_PIV7MMQG.pdf;4;16.253926742315823,63.205,537.587,479.022;16.25392674;63.205;537.587;479.022
UI42VMAF;"Probleme im Intimbereich: ... damit müssen Sie nicht leben ; ärztlicher Ratgeber";2012;7YLUMT7M;13;C:\Users\annik\Zotero\storage\AA5H8FJ3\Buchscan_UI42VMAF.pdf;"{""pageIndex"":4,""rects"":[[48.913,51.687,537.163,439.437]]}";Buchscan_UI42VMAF.pdf;4;48.913,51.687,537.163,439.437;48.913;51.687;537.163;439.437
UI42VMAF;"Probleme im Intimbereich: ... damit müssen Sie nicht leben ; ärztlicher Ratgeber";2012;XW2VXZQ8;77;C:\Users\annik\Zotero\storage\AA5H8FJ3\Buchscan_UI42VMAF.pdf;"{""pageIndex"":68,""rects"":[[54.913,52.062,525.163,408.125]]}";Buchscan_UI42VMAF.pdf;68;54.913,52.062,525.163,408.125;54.913;52.062;525.163;408.125
E9NS23IM;Taschenatlas Physiologie: mit 44 Tabellen;2015;WSDGZJ53;173;C:\Users\annik\Zotero\storage\FTYEUAWR\Buchscan_E9NS23IM.pdf;"{""pageIndex"":4,""rects"":[[67.523,129.469,492.68,436.695]]}";Buchscan_E9NS23IM.pdf;4;67.523,129.469,492.68,436.695;67.523;129.469;492.68;436.695
3Z43TWAE;Implantate in der Chirurgie - Update 2015;2015;5UG9AH2Y;56;C:\Users\annik\Zotero\storage\TFHQRMG7\Otto - 2015 - Implantate in der Chirurgie - Update 2015.pdf;"{""pageIndex"":6,""rects"":[[61.207,182.248,301.582,422.623]]}";Otto - 2015 - Implantate in der Chirurgie - Update 2015.pdf;6;61.207,182.248,301.582,422.623;61.207;182.248;301.582;422.623
3Z43TWAE;Implantate in der Chirurgie - Update 2015;2015;CI6KKQ9C;56;C:\Users\annik\Zotero\storage\TFHQRMG7\Otto - 2015 - Implantate in der Chirurgie - Update 2015.pdf;"{""pageIndex"":6,""rects"":[[312.82,583.705,555.068,784.122]]}";Otto - 2015 - Implantate in der Chirurgie - Update 2015.pdf;6;312.82,583.705,555.068,784.122;312.82;583.705;555.068;784.122
JSURF64I;Arbeitsbuch Anatomie und Physiologie für Pflege- und andere Gesundheitsfachberufe;2016;XVDP85EX;320;C:\Users\annik\Zotero\storage\8BYAU65A\Buchscan_JSURF64I.pdf;"{""pageIndex"":4,""rects"":[[22.497,327.513,585.037,752.072]]}";Buchscan_JSURF64I.pdf;4;22.497,327.513,585.037,752.072;22.497;327.513;585.037;752.072
6X3865W2;Prisma Biologie - Naturphänomene und Technik;2016;M2T87GJT;2016;C:\Users\annik\Zotero\storage\ZIX2TSQS\Buchscan_6X3865W2.pdf;"{""pageIndex"":3,""rects"":[[40.604,87.034,548.825,633.393]]}";Buchscan_6X3865W2.pdf;3;40.604,87.034,548.825,633.393;40.604;87.034;548.825;633.393
6X3865W2;Prisma Biologie - Naturphänomene und Technik;2016;8BPHR4ZT;2017;C:\Users\annik\Zotero\storage\ZIX2TSQS\Buchscan_6X3865W2.pdf;"{""pageIndex"":4,""rects"":[[39.355,506.598,551.947,776.942]]}";Buchscan_6X3865W2.pdf;4;39.355,506.598,551.947,776.942;39.355;506.598;551.947;776.942
6X3865W2;Prisma Biologie - Naturphänomene und Technik;2016;FEJSV8BB;2018;C:\Users\annik\Zotero\storage\ZIX2TSQS\Buchscan_6X3865W2.pdf;"{""pageIndex"":5,""rects"":[[44.974,104.048,287.222,751.76]]}";Buchscan_6X3865W2.pdf;5;44.974,104.048,287.222,751.76;44.974;104.048;287.222;751.76
6X3865W2;Prisma Biologie - Naturphänomene und Technik;2016;UY5EUVP6;2019;C:\Users\annik\Zotero\storage\ZIX2TSQS\Buchscan_6X3865W2.pdf;"{""pageIndex"":6,""rects"":[[36.857,583.861,550.074,776.786]]}";Buchscan_6X3865W2.pdf;6;36.857,583.861,550.074,776.786;36.857;583.861;550.074;776.786
INDQBXBD;Thiemes Altenpflege in Lernfeldern;2018;3RJ2EMG7;405;C:\Users\annik\Zotero\storage\GSS2I4FW\Buchscan_INDQBXBD.pdf;"{""pageIndex"":3,""rects"":[[26.868,33.236,427.076,233.028]]}";Buchscan_INDQBXBD.pdf;3;26.868,33.236,427.076,233.028;26.868;33.236;427.076;233.028
INDQBXBD;Thiemes Altenpflege in Lernfeldern;2018;NHYJD7TK;408;C:\Users\annik\Zotero\storage\GSS2I4FW\Buchscan_INDQBXBD.pdf;"{""pageIndex"":6,""rects"":[[175.463,24.912,579.418,226.577]]}";Buchscan_INDQBXBD.pdf;6;175.463,24.912,579.418,226.577;175.463;24.912;579.418;226.577
INDQBXBD;Thiemes Altenpflege in Lernfeldern;2018;74KD8FQ2;409;C:\Users\annik\Zotero\storage\GSS2I4FW\Buchscan_INDQBXBD.pdf;"{""pageIndex"":7,""rects"":[[16.254,463.414,202.31,789.949]]}";Buchscan_INDQBXBD.pdf;7;16.254,463.414,202.31,789.949;16.254;463.414;202.31;789.949
N5QXI8PQ;Rechtsfragen medizinischer Intervention bei intersexuell geborenen Minderjährigen;2020;R63YPR5M;42;C:\Users\annik\Zotero\storage\6HNS2GDY\Buchscan_N5QXI8PQ.pdf;"{""pageIndex"":15,""rects"":[[101.79,316.171,541.957,766.952]]}";Buchscan_N5QXI8PQ.pdf;15;101.79,316.171,541.957,766.952;101.79;316.171;541.957;766.952
N5QXI8PQ;Rechtsfragen medizinischer Intervention bei intersexuell geborenen Minderjährigen;2020;6VCP2Q96;43;C:\Users\annik\Zotero\storage\6HNS2GDY\Buchscan_N5QXI8PQ.pdf;"{""pageIndex"":16,""rects"":[[68.075,416.9,497.004,767.785]]}";Buchscan_N5QXI8PQ.pdf;16;68.075,416.9,497.004,767.785;68.075;416.9;497.004;767.785
UJ9ZXK7A;Allgemeine Anatomie und Bewegungssystem;2022;EK5YN5FA;4;C:\Users\annik\Zotero\storage\GAIU8N8D\Buchscan_UJ9ZXK7A.pdf;"{""pageIndex"":3,""rects"":[[34.32,57.492,577.133,334.992]]}";Buchscan_UJ9ZXK7A.pdf;3;34.32,57.492,577.133,334.992;34.32;57.492;577.133;334.992
UJ9ZXK7A;Allgemeine Anatomie und Bewegungssystem;2022;JAM2JBQM;5;C:\Users\annik\Zotero\storage\GAIU8N8D\Buchscan_UJ9ZXK7A.pdf;"{""pageIndex"":4,""rects"":[[284.5546889305115,471.187,567.68,764.625]]}";Buchscan_UJ9ZXK7A.pdf;4;284.5546889305115,471.187,567.68,764.625;284.5546889;471.187;567.68;764.625
UJ9ZXK7A;Allgemeine Anatomie und Bewegungssystem;2022;L2PIHTNA;6;C:\Users\annik\Zotero\storage\GAIU8N8D\Buchscan_UJ9ZXK7A.pdf;"{""pageIndex"":5,""rects"":[[39.46590770374644,50.284,583.557,745.966]]}";Buchscan_UJ9ZXK7A.pdf;5;39.46590770374644,50.284,583.557,745.966;39.4659077;50.284;583.557;745.966
UJ9ZXK7A;Allgemeine Anatomie und Bewegungssystem;2022;2A5JPB7P;7;C:\Users\annik\Zotero\storage\GAIU8N8D\Buchscan_UJ9ZXK7A.pdf;"{""pageIndex"":6,""rects"":[[20.413,64.25,570.163,767.063]]}";Buchscan_UJ9ZXK7A.pdf;6;20.413,64.25,570.163,767.063;20.413;64.25;570.163;767.063
UJ9ZXK7A;Allgemeine Anatomie und Bewegungssystem;2022;97APU2KU;8;C:\Users\annik\Zotero\storage\GAIU8N8D\Buchscan_UJ9ZXK7A.pdf;"{""pageIndex"":7,""rects"":[[37.89,411.853,400.096,722.882]]}";Buchscan_UJ9ZXK7A.pdf;7;37.89,411.853,400.096,722.882;37.89;411.853;400.096;722.882
UJ9ZXK7A;Allgemeine Anatomie und Bewegungssystem;2022;99RSP7FC;8;C:\Users\annik\Zotero\storage\GAIU8N8D\Buchscan_UJ9ZXK7A.pdf;"{""pageIndex"":7,""rects"":[[29.507,71.963,397.449,391.853]]}";Buchscan_UJ9ZXK7A.pdf;7;29.507,71.963,397.449,391.853;29.507;71.963;397.449;391.853
UJ9ZXK7A;Allgemeine Anatomie und Bewegungssystem;2022;UDZNL354;9;C:\Users\annik\Zotero\storage\GAIU8N8D\Buchscan_UJ9ZXK7A.pdf;"{""pageIndex"":8,""rects"":[[305.243,103.11,553.625,411.934]]}";Buchscan_UJ9ZXK7A.pdf;8;305.243,103.11,553.625,411.934;305.243;103.11;553.625;411.934
UJ9ZXK7A;Allgemeine Anatomie und Bewegungssystem;2022;TPSGFST8;10;C:\Users\annik\Zotero\storage\GAIU8N8D\Buchscan_UJ9ZXK7A.pdf;"{""pageIndex"":9,""rects"":[[38.331,406.169,579.213,741.243]]}";Buchscan_UJ9ZXK7A.pdf;9;38.331,406.169,579.213,741.243;38.331;406.169;579.213;741.243
UJ9ZXK7A;Allgemeine Anatomie und Bewegungssystem;2022;3J8WNUDF;14;C:\Users\annik\Zotero\storage\GAIU8N8D\Buchscan_UJ9ZXK7A.pdf;"{""pageIndex"":13,""rects"":[[22.007,68.772,552.743,411.125]]}";Buchscan_UJ9ZXK7A.pdf;13;22.007,68.772,552.743,411.125;22.007;68.772;552.743;411.125
UJ9ZXK7A;Allgemeine Anatomie und Bewegungssystem;2022;5RAF338B;16;C:\Users\annik\Zotero\storage\GAIU8N8D\Buchscan_UJ9ZXK7A.pdf;"{""pageIndex"":15,""rects"":[[46.23076805701622,411.635,575.269,741.058]]}";Buchscan_UJ9ZXK7A.pdf;15;46.23076805701622,411.635,575.269,741.058;46.23076806;411.635;575.269;741.058
UJ9ZXK7A;Allgemeine Anatomie und Bewegungssystem;2022;2V9VQB7N;16;C:\Users\annik\Zotero\storage\GAIU8N8D\Buchscan_UJ9ZXK7A.pdf;"{""pageIndex"":15,""rects"":[[43.346,55.865,568.923,184.519]]}";Buchscan_UJ9ZXK7A.pdf;15;43.346,55.865,568.923,184.519;43.346;55.865;568.923;184.519
UJ9ZXK7A;Allgemeine Anatomie und Bewegungssystem;2022;YMDDABJ9;17;C:\Users\annik\Zotero\storage\GAIU8N8D\Buchscan_UJ9ZXK7A.pdf;"{""pageIndex"":16,""rects"":[[30.978,72.324,205.243,281.882]]}";Buchscan_UJ9ZXK7A.pdf;16;30.978,72.324,205.243,281.882;30.978;72.324;205.243;281.882
UJ9ZXK7A;Allgemeine Anatomie und Bewegungssystem;2022;CFSYIC4W;18;C:\Users\annik\Zotero\storage\GAIU8N8D\Buchscan_UJ9ZXK7A.pdf;"{""pageIndex"":17,""rects"":[[43.858,463.583,583.858,724.25]]}";Buchscan_UJ9ZXK7A.pdf;17;43.858,463.583,583.858,724.25;43.858;463.583;583.858;724.25
UJ9ZXK7A;Allgemeine Anatomie und Bewegungssystem;2022;5AFEPVPD;18;C:\Users\annik\Zotero\storage\GAIU8N8D\Buchscan_UJ9ZXK7A.pdf;"{""pageIndex"":17,""rects"":[[324.673,293.815,573.958,458.101]]}";Buchscan_UJ9ZXK7A.pdf;17;324.673,293.815,573.958,458.101;324.673;293.815;573.958;458.101
UJ9ZXK7A;Allgemeine Anatomie und Bewegungssystem;2022;PJNC8IAZ;18;C:\Users\annik\Zotero\storage\GAIU8N8D\Buchscan_UJ9ZXK7A.pdf;"{""pageIndex"":17,""rects"":[[59.507,63.507,581.419,275.272]]}";Buchscan_UJ9ZXK7A.pdf;17;59.507,63.507,581.419,275.272;59.507;63.507;581.419;275.272
UJ9ZXK7A;Allgemeine Anatomie und Bewegungssystem;2022;UAYL6G3V;19;C:\Users\annik\Zotero\storage\GAIU8N8D\Buchscan_UJ9ZXK7A.pdf;"{""pageIndex"":18,""rects"":[[23.942,431.833,557.442,763.833]]}";Buchscan_UJ9ZXK7A.pdf;18;23.942,431.833,557.442,763.833;23.942;431.833;557.442;763.833
UJ9ZXK7A;Allgemeine Anatomie und Bewegungssystem;2022;DW8IEYK8;20;C:\Users\annik\Zotero\storage\GAIU8N8D\Buchscan_UJ9ZXK7A.pdf;"{""pageIndex"":19,""rects"":[[35.942,384.583,401.442,748]]}";Buchscan_UJ9ZXK7A.pdf;19;35.942,384.583,401.442,748;35.942;384.583;401.442;748
UJ9ZXK7A;Allgemeine Anatomie und Bewegungssystem;2022;FN2LQZYF;20;C:\Users\annik\Zotero\storage\GAIU8N8D\Buchscan_UJ9ZXK7A.pdf;"{""pageIndex"":19,""rects"":[[404.942,405.3333435058594,580.942,667.75]]}";Buchscan_UJ9ZXK7A.pdf;19;404.942,405.3333435058594,580.942,667.75;404.942;405.3333435;580.942;667.75
UJ9ZXK7A;Allgemeine Anatomie und Bewegungssystem;2022;8VZXFJP5;20;C:\Users\annik\Zotero\storage\GAIU8N8D\Buchscan_UJ9ZXK7A.pdf;"{""pageIndex"":19,""rects"":[[43.44166564941406,190.16668701171875,303.942,361.583]]}";Buchscan_UJ9ZXK7A.pdf;19;43.44166564941406,190.16668701171875,303.942,361.583;43.44166565;190.166687;303.942;361.583
UJ9ZXK7A;Allgemeine Anatomie und Bewegungssystem;2022;6N47P7N3;20;C:\Users\annik\Zotero\storage\GAIU8N8D\Buchscan_UJ9ZXK7A.pdf;"{""pageIndex"":19,""rects"":[[315.442,136.08331298828125,582.442,316.583]]}";Buchscan_UJ9ZXK7A.pdf;19;315.442,136.08331298828125,582.442,316.583;315.442;136.083313;582.442;316.583
UJ9ZXK7A;Allgemeine Anatomie und Bewegungssystem;2022;6SC5UKZ5;21;C:\Users\annik\Zotero\storage\GAIU8N8D\Buchscan_UJ9ZXK7A.pdf;"{""pageIndex"":20,""rects"":[[22.048,453.9166564941406,371.087,771.442]]}";Buchscan_UJ9ZXK7A.pdf;20;22.048,453.9166564941406,371.087,771.442;22.048;453.9166565;371.087;771.442
UJ9ZXK7A;Allgemeine Anatomie und Bewegungssystem;2022;CIQI6VSA;21;C:\Users\annik\Zotero\storage\GAIU8N8D\Buchscan_UJ9ZXK7A.pdf;"{""pageIndex"":20,""rects"":[[24.608,143.583,268.608,322.083]]}";Buchscan_UJ9ZXK7A.pdf;20;24.608,143.583,268.608,322.083;24.608;143.583;268.608;322.083
UJ9ZXK7A;Allgemeine Anatomie und Bewegungssystem;2022;HVG3GLHF;21;C:\Users\annik\Zotero\storage\GAIU8N8D\Buchscan_UJ9ZXK7A.pdf;"{""pageIndex"":20,""rects"":[[376.279,484.4166564941406,548.202,683.365]]}";Buchscan_UJ9ZXK7A.pdf;20;376.279,484.4166564941406,548.202,683.365;376.279;484.4166565;548.202;683.365
UJ9ZXK7A;Allgemeine Anatomie und Bewegungssystem;2022;MLTKNZ74;22;C:\Users\annik\Zotero\storage\GAIU8N8D\Buchscan_UJ9ZXK7A.pdf;"{""pageIndex"":21,""rects"":[[28.394,227.154,568.394,766.192]]}";Buchscan_UJ9ZXK7A.pdf;21;28.394,227.154,568.394,766.192;28.394;227.154;568.394;766.192
UJ9ZXK7A;Allgemeine Anatomie und Bewegungssystem;2022;YXZM7Q4W;23;C:\Users\annik\Zotero\storage\GAIU8N8D\Buchscan_UJ9ZXK7A.pdf;"{""pageIndex"":22,""rects"":[[22.125,154.75735114602475,559.625,766.514]]}";Buchscan_UJ9ZXK7A.pdf;22;22.125,154.75735114602475,559.625,766.514;22.125;154.7573511;559.625;766.514
UJ9ZXK7A;Allgemeine Anatomie und Bewegungssystem;2022;NNVHNPH9;24;C:\Users\annik\Zotero\storage\GAIU8N8D\Buchscan_UJ9ZXK7A.pdf;"{""pageIndex"":23,""rects"":[[28.625,527.228,292.007,735.904]]}";Buchscan_UJ9ZXK7A.pdf;23;28.625,527.228,292.007,735.904;28.625;527.228;292.007;735.904
UJ9ZXK7A;Allgemeine Anatomie und Bewegungssystem;2022;FVKUG5PF;25;C:\Users\annik\Zotero\storage\GAIU8N8D\Buchscan_UJ9ZXK7A.pdf;"{""pageIndex"":24,""rects"":[[24.162506103515625,181.9044333065257,566.413,782.813]]}";Buchscan_UJ9ZXK7A.pdf;24;24.162506103515625,181.9044333065257,566.413,782.813;24.1625061;181.9044333;566.413;782.813
88MXX542;Mädchen fragen Mädchenfragen: das Buch für Mädchen ab 11 Jahren;2022;FKF4HUIG;20;C:\Users\annik\Zotero\storage\HJ9U6QDS\Buchscan_88MXX542.pdf;"{""pageIndex"":13,""rects"":[[136.766,324.562,485.516,569.25]]}";Buchscan_88MXX542.pdf;13;136.766,324.562,485.516,569.25;136.766;324.562;485.516;569.25
88MXX542;Mädchen fragen Mädchenfragen: das Buch für Mädchen ab 11 Jahren;2022;ZPDWW4FG;22;C:\Users\annik\Zotero\storage\HJ9U6QDS\Buchscan_88MXX542.pdf;"{""pageIndex"":15,""rects"":[[66.453,150,558.641,731.25]]}";Buchscan_88MXX542.pdf;15;66.453,150,558.641,731.25;66.453;150;558.641;731.25
88MXX542;Mädchen fragen Mädchenfragen: das Buch für Mädchen ab 11 Jahren;2022;4TZ4D43W;25;C:\Users\annik\Zotero\storage\HJ9U6QDS\Buchscan_88MXX542.pdf;"{""pageIndex"":18,""rects"":[[73.663,274.562,389.413,500.312]]}";Buchscan_88MXX542.pdf;18;73.663,274.562,389.413,500.312;73.663;274.562;389.413;500.312
294WBTT5;Vulvina intersektional: Körper • Macht • Empowerment;2023;374U6A9H;119;C:\Users\annik\Zotero\storage\8V5ZJ47S\Buchscan_294WBTT5.pdf;"{""pageIndex"":45,""rects"":[[35.375,380.909,550.148,596.3636342828923]]}";Buchscan_294WBTT5.pdf;45;35.375,380.909,550.148,596.3636342828923;35.375;380.909;550.148;596.3636343
294WBTT5;Vulvina intersektional: Körper • Macht • Empowerment;2023;XZ8FUXPE;122;C:\Users\annik\Zotero\storage\8V5ZJ47S\Buchscan_294WBTT5.pdf;"{""pageIndex"":48,""rects"":[[71.141,135.578,522.078,806.828]]}";Buchscan_294WBTT5.pdf;48;71.141,135.578,522.078,806.828;71.141;135.578;522.078;806.828
294WBTT5;Vulvina intersektional: Körper • Macht • Empowerment;2023;J2AWTUNA;129;C:\Users\annik\Zotero\storage\8V5ZJ47S\Buchscan_294WBTT5.pdf;"{""pageIndex"":55,""rects"":[[87.078,216.953,484.578,485.0781307220459]]}";Buchscan_294WBTT5.pdf;55;87.078,216.953,484.578,485.0781307220459;87.078;216.953;484.578;485.0781307
